"","SNP","traits","Plot","CHR","Pos","pair"
"2","SJ05_552460009","FarmCPU.FHBZEA","C10_SAL_2022","J05","552460009","a"
"3","SJ05_552460009","FarmCPU.FHBDON","C10_SAL_2022","J05","552460009","a"
"4","","","","","",""
"5","SJ07_421470788","FarmCPU.FHBDON","C10_SAL_2021","J07","421470788","b"
"6","SJ07_421470788","FarmCPU.FHBDON","C10_SAL_2022","J07","421470788","b"
"7","","","","","",""
"8","SS01_260252102","FarmCPU.FHBDON","C10_OLA_2021","S01","260252102","c"
"9","SS01_260252102","FarmCPU.PTHT","C10_OLA_2022","S01","260252102","c"
"10","","","","","",""
"11","SS03_316869348","FarmCPU.FHBZEA","C10_SAL_2022","S03","316869348","C"
"12","SS03_316869342","FarmCPU.FHBZEA","C10_SAL_2022","S03","316869342","C"
"13","","","","","",""
"14","SS06_83112789","FarmCPU.FHBDON","C07_SAL_2018","S06","83112789","d"
"15","SS06_83112789","FarmCPU.FHBDON","C07_SAL_2020","S06","83112789","d"
"16","","","","","",""
"17","SS07_414489769","FarmCPU.ERGSEV","C07_SAL_2020","S07","414489769","A"
"18","SS07_414474582","FarmCPU.ERGSEV","C07_SAL_2020","S07","414474582","A"
"19","","","","","",""
"20","SS07_352709134","FarmCPU.GLBLSEV","C10_SAL_2021","S07","352709134","B"
"21","SS07_352707146","FarmCPU.GLBLSEV","C10_SAL_2021","S07","352707146","B"
"22","","","","","",""
"23","SS07_301996644","FarmCPU.FHBDON","C10_SAL_2021","S07","301996644","e"
"24","SS07_301996644","FarmCPU.FHBDON","C10_SAL_2022","S07","301996644","e"
"25","","","","","",""
"26","SS07_67144799","FarmCPU.FHBZEA","C10_SAL_2022","S07","67144799","f"
"27","SS07_67144799","FarmCPU.BLSSEV","C10_SAL_2022","S07","67144799","f"
"28","","","","","",""
"29","SV02_452036252","FarmCPU.FHBSPKINC","C10_OLA_2021","V02","452036252","g"
"30","SV02_452036252","FarmCPU.FHBDON","C10_SAL_2022","V02","452036252","g"
"31","","","","","",""
"32","SV05_543093563","FarmCPU.FHBDON","C07_SAL_2019","V05","543093563","h"
"33","SV05_543093563","FarmCPU.FHBD3G","C07_SAL_2019","V05","543093563","h"
